location,sqft,bhk,bath,age,price
Mumbai,602,3,2,7,10340758
Mumbai,3271,5,4,18,49832508
Pune,622,1,1,7,6068151
Pune,2798,2,3,20,26329496
Kolhapur,1402,4,5,8,9456967
Nashik,3359,4,4,8,22995016
Nagpur,3627,3,2,2,22045141
Mumbai,1970,3,4,8,30259780
Solapur,2696,1,1,2,15256828
Thane,3897,5,5,18,48159714
Mumbai,687,2,2,2,11220149
Mumbai,2056,3,3,20,31042077
Nashik,2016,3,2,21,13678973
Mumbai,2995,2,3,23,43757851
Nashik,2393,4,4,29,16655044
Nagpur,3304,3,2,7,19905729
Aurangabad,2143,3,2,6,14147390
Aurangabad,1370,4,4,28,9527789
Solapur,1085,3,2,7,6903463
Thane,3559,5,5,28,44140239
Kolhapur,1982,2,1,16,12242304
Mumbai,3595,1,1,4,52175462
Nashik,3744,4,5,2,25807728
Kolhapur,2940,4,5,8,18940849
Pune,3286,1,2,28,30026126
Thane,3648,3,2,9,44176542
Nashik,2358,1,2,28,15534319
Thane,2550,2,3,29,30347789
Thane,3947,5,5,6,49048031
Aurangabad,3623,2,3,30,22782583
Pune,2953,3,3,0,28200950
Aurangabad,3906,3,2,1,24934086
Mumbai,850,4,3,24,14302291
Nashik,1025,4,5,5,8026466
Kolhapur,1367,5,5,22,9386521
Thane,2134,3,3,28,26173158
Solapur,995,2,1,2,5959129
Pune,2909,5,4,18,28319357
Pune,790,1,1,2,7453468
Aurangabad,790,5,4,8,6482487
Solapur,1377,5,4,23,8816566
Solapur,1495,4,4,6,9222828
Mumbai,3199,4,4,13,48412235
Solapur,3486,1,2,20,19526434
Mumbai,748,4,5,10,13523688
Nagpur,1284,2,3,14,7915895
Kolhapur,1251,3,3,7,8189903
Solapur,3809,5,4,1,22576386
Pune,882,2,1,13,8647815
Solapur,1375,4,3,5,8636816
Pune,2099,3,3,9,20403677
Solapur,1134,2,2,6,6614512
Pune,3563,3,2,1,33838577
Solapur,2559,5,4,1,15594473
Mumbai,3987,2,1,19,57542731
Nagpur,2153,1,2,7,13009070
Pune,3036,1,1,21,27782612
Aurangabad,1568,2,3,22,10093622
Nagpur,1587,4,3,21,10308878
Thane,2372,3,2,0,29502673
Mumbai,800,5,4,16,14481041
Nashik,1929,1,1,11,12672915
Nashik,2294,5,5,9,16646695
Pune,3235,5,5,29,31427305
Mumbai,1050,3,2,28,16037117
Nashik,1615,3,4,6,11733735
Aurangabad,1333,3,4,15,9041684
Pune,878,4,4,1,9730658
Aurangabad,3658,2,3,8,23118865
Solapur,2759,4,5,0,16377129
Mumbai,3330,2,3,1,49339575
Nashik,2260,2,1,9,15146182
Pune,1965,2,3,7,19004165
Mumbai,1948,5,5,19,31272342
Nashik,1469,2,1,28,9744661
Pune,1234,3,3,25,12325624
Nagpur,1592,2,3,3,9993262
Pune,2427,2,1,26,22421031
Aurangabad,1750,2,1,0,11522297
Nagpur,2132,3,3,27,12889096
Thane,1938,5,5,21,25338731
Aurangabad,613,1,1,5,4150921
Thane,656,1,2,13,8115439
Aurangabad,2287,5,5,3,15743928
Nagpur,1543,1,2,13,9056936
Nagpur,1991,4,3,30,12560601
Aurangabad,3052,3,4,27,19419189
Thane,2577,3,4,13,31840913
Kolhapur,3355,3,4,4,20966279
Kolhapur,3223,4,5,23,20227380
Thane,2163,5,4,9,27984525
Nagpur,2260,5,5,20,14494951
Solapur,2309,4,5,6,14023727
Solapur,3751,2,3,2,21327560
Aurangabad,882,2,3,9,5995876
Nagpur,1103,1,1,7,6722158
Mumbai,2365,4,5,18,36427440
Kolhapur,2524,4,3,4,16378283
Pune,3575,1,1,7,32767714
Solapur,705,5,4,29,4791501
Solapur,1046,4,5,16,6943187
Aurangabad,3593,4,5,26,23418381
Kolhapur,3902,5,5,28,24441004
Solapur,2343,3,2,26,13555393
Thane,3636,5,5,20,45076633
Thane,2301,1,2,9,27411642
Thane,1875,3,4,2,23826047
Nashik,1447,4,5,4,11015867
Nagpur,763,4,4,10,5673034
Solapur,2203,1,1,26,12157851
Kolhapur,3653,5,5,0,23556767
Kolhapur,2453,1,1,9,15061777
Kolhapur,3995,4,5,23,25137859
Nagpur,2499,2,2,13,15128266
Pune,2092,3,4,21,20218178
Nashik,3942,4,3,19,26718034
Pune,2113,5,5,21,21051509
Mumbai,3132,4,3,27,46798662
Nashik,705,3,3,10,5393470
Solapur,1838,3,3,8,11139719
Kolhapur,1533,1,1,0,9682044
Pune,1933,2,3,2,18810007
Pune,3589,1,1,6,32834583
Nashik,1477,2,2,21,9845473
Nagpur,2404,3,3,5,15058562
Mumbai,3685,2,2,3,54239897
Pune,1777,5,5,29,18008468
Kolhapur,3428,2,1,18,20965120
Nagpur,917,3,4,19,6006417
Pune,1922,5,5,21,19493485
Mumbai,2572,3,2,27,37998831
Solapur,932,4,4,20,6125335
Nashik,2283,2,3,16,15540527
Thane,3022,5,5,14,38157766
Thane,1820,2,1,8,22194350
Nagpur,3573,4,5,19,22145873
Kolhapur,1877,1,1,27,11144261
Nashik,2497,2,2,25,16490951
Aurangabad,1645,5,5,28,11366219
Pune,2616,2,1,7,24676126
Kolhapur,2501,5,4,22,16219989
Solapur,2335,1,1,9,12999805
Kolhapur,3333,2,2,21,20390442
Aurangabad,2438,5,5,11,16583486
Aurangabad,1941,4,4,9,13119232
Nagpur,994,2,2,3,6593883
Nashik,1284,2,3,15,8865965
Thane,911,2,2,7,11718905
Nashik,1738,1,2,17,11358365
Thane,686,1,2,9,8758847
Nashik,3112,4,3,27,20929430
Thane,2422,4,4,10,30484059
Pune,1534,4,3,26,15067657
Kolhapur,2514,1,2,20,15331618
Pune,1121,2,3,30,10650397
Mumbai,1516,1,2,24,21894995
Nagpur,3677,5,5,14,22928563
Thane,2910,4,4,18,36206597
Pune,2997,1,1,20,27253337
Thane,3205,1,1,7,37830628
Mumbai,1141,1,1,14,16785729
Solapur,1692,1,1,9,9701698
Thane,3379,4,3,21,41229681
Thane,3726,5,5,25,45972914
Kolhapur,970,5,4,20,6920713
Thane,3885,2,1,1,46394491
Thane,2937,5,5,14,37000097
Solapur,3320,3,4,12,19110235
Solapur,2293,1,2,1,13065082
Aurangabad,2972,3,2,2,19146122
Pune,3632,3,4,1,34836702
Nashik,2427,5,5,14,17261334
Nashik,2897,4,5,26,19998305
Mumbai,2425,3,3,10,36625826
Mumbai,1158,3,3,22,18203168
Thane,3213,4,5,1,40303559
Mumbai,1788,3,3,3,27791304
Pune,3193,5,5,13,31061717
Nagpur,2623,3,4,24,16116903
Solapur,3612,1,1,8,20239749
Nashik,1679,4,5,15,12052162
Pune,3080,5,4,22,29759034
Thane,2756,1,2,13,32553068
Nagpur,3946,1,1,30,22855686
Nashik,2541,3,4,22,17279853
Kolhapur,3919,4,4,7,24666507
Nashik,2071,2,3,16,14212772
Nashik,785,3,3,10,6068700
Thane,3860,1,1,23,45127529
Solapur,1108,4,5,15,7186394
Aurangabad,2760,5,5,14,18474704
Nagpur,3356,2,3,12,20113053
Kolhapur,678,3,4,15,5075182
Kolhapur,2081,2,2,30,12493788
Nashik,2557,5,5,27,17818119
Solapur,908,5,5,0,6682968
Nashik,2179,2,1,15,14477448
Aurangabad,3052,4,5,2,20214862
Kolhapur,1797,4,5,1,12235986
Mumbai,1461,3,2,23,22070684
Kolhapur,903,1,1,5,5816796
Thane,618,1,1,25,7015022
Thane,1968,3,3,4,24735629
Kolhapur,2818,2,1,5,17176042
Kolhapur,3038,2,2,29,18516782
Nashik,1451,4,5,8,10852447
Thane,3231,1,1,28,37627501
Nashik,802,4,4,18,6299842
Kolhapur,3327,3,3,27,20447258
Nagpur,2075,4,3,7,13214194
Aurangabad,2854,3,4,9,18399202
Kolhapur,1624,1,2,27,9912476
Pune,2983,4,4,24,28521948
Aurangabad,1397,2,3,8,9427818
Nashik,3073,1,2,20,19945168
Thane,3730,4,3,18,45486292
Nashik,869,3,3,23,6371343
Nashik,1322,2,3,28,8964814
Thane,3901,2,2,29,46171327
Thane,3557,3,2,14,42788378
Nashik,3589,2,3,23,23937083
Kolhapur,3964,5,5,2,25293990
Pune,1583,5,4,14,16414544
Thane,2894,4,5,30,35744559
Mumbai,3264,2,2,0,48340020
Aurangabad,2998,2,3,2,19377284
Solapur,3371,3,4,13,19297696
Nashik,685,1,1,15,4438380
Mumbai,1461,5,4,12,24164139
Aurangabad,3246,5,5,18,21639212
Nashik,2199,1,1,19,14372470
Thane,634,3,2,14,8782948
Nagpur,1985,1,2,11,11954206
Aurangabad,748,4,4,6,5727446
Solapur,875,2,3,20,5372451
Pune,707,3,2,4,7775700
Nagpur,781,5,4,18,5724070
Nagpur,1845,2,3,0,11458621
Nashik,1032,5,5,25,7974486
Mumbai,3207,1,1,0,46617922
Nagpur,2911,3,2,5,17755979
Pune,1019,4,5,3,11500843
Mumbai,2450,4,4,16,37698251
Mumbai,2351,5,4,30,36381793
Pune,3478,5,5,14,33943095
Pune,749,4,4,13,8662612
Mumbai,2508,4,3,28,37642757
Aurangabad,2991,2,1,4,18926612
Aurangabad,2060,5,5,9,14292627
Kolhapur,906,1,2,20,5644938
Nagpur,2261,4,3,13,14199047
Solapur,2133,4,5,3,12985440
Kolhapur,1780,3,3,30,11076426
Solapur,774,1,1,2,4574777
Mumbai,3549,3,2,17,52111147
Aurangabad,3244,1,1,11,20356280
Kolhapur,3453,1,1,19,20672553
Aurangabad,924,5,5,6,7163823
Solapur,1418,1,1,27,7879343
Aurangabad,970,3,4,7,7007478
Pune,2994,3,2,5,28413672
Thane,1891,3,2,5,23574805
Kolhapur,785,2,3,20,4970373
Mumbai,3556,5,4,12,54104913
Solapur,1896,2,2,9,11133974
Aurangabad,3681,5,5,2,24191757
Nashik,1144,5,4,21,8613772
Thane,2314,4,4,19,29112558
Kolhapur,1618,2,3,3,10351209
Kolhapur,954,3,4,21,6584093
Solapur,2658,3,2,7,15410931
Pune,531,2,2,30,5092847
Nashik,3630,3,3,10,24357906
Pune,2537,4,3,4,24822038
Nagpur,2549,5,5,25,16134835
Mumbai,2126,1,1,0,31212843
Mumbai,1782,5,5,18,28750634
Kolhapur,1685,1,1,0,10368572
Nashik,3782,5,5,26,26104554
Aurangabad,860,4,3,7,6474169
Kolhapur,2646,1,1,27,15735153
Aurangabad,1407,3,2,2,9629865
Mumbai,2673,5,4,28,40913073
Aurangabad,3479,2,1,3,21886853
Thane,1308,2,3,4,16834171
Mumbai,1225,4,4,24,19901059
Solapur,3289,5,5,20,19531654
Aurangabad,3069,3,2,14,19489876
Solapur,2311,3,3,18,13260725
Aurangabad,2578,1,1,14,16089083
Pune,733,3,3,2,8236289
Mumbai,3019,5,5,12,46668294
Pune,2342,5,5,6,23604772
Solapur,2553,2,1,14,14291089
Aurangabad,3425,1,2,20,21182345
Pune,1514,4,4,16,15475469
Nashik,1990,3,3,12,13819312
Aurangabad,3280,5,4,25,21596016
Aurangabad,769,3,2,17,5564491
Kolhapur,1663,3,4,27,10774368
Nashik,1865,1,2,21,12131649
Aurangabad,1770,4,3,19,12065633
Mumbai,1768,5,5,20,28444616
Nashik,3244,5,4,20,22587512
Kolhapur,2582,3,2,11,16124494
Nashik,1377,3,3,6,9829273
Nashik,1134,1,1,27,7169026
Pune,3211,3,4,4,30859228
Kolhapur,1131,2,1,26,7119830
Nashik,3453,4,3,13,23540497
Nagpur,2319,5,5,24,15009598
Solapur,1458,5,4,9,9389099
Nagpur,2006,5,5,14,13068829
Kolhapur,2559,5,5,30,16383785
Nagpur,3781,5,4,27,23170423
Pune,3126,4,4,17,29903385
Mumbai,1667,1,1,8,24379672
Nashik,3903,4,3,30,26135911
Solapur,1931,1,1,1,10961381
Aurangabad,1465,4,3,11,10042347
Pune,1805,1,2,20,16611287
Nashik,1063,1,1,29,6872202
Nashik,3608,4,4,19,24369753
Mumbai,577,3,2,26,9361491
Kolhapur,955,3,2,9,6324583
Pune,1476,4,5,25,15133131
Solapur,757,1,1,19,4318721
Pune,3088,5,5,7,30580523
Nashik,1693,4,3,19,12004477
Nagpur,2837,4,3,21,17633287
Mumbai,2644,3,2,30,38985006
Pune,2099,4,3,20,20503737
Aurangabad,1538,1,1,25,9308820
Aurangabad,1487,1,2,23,9478692
Aurangabad,1046,1,1,17,6526796
Nashik,3901,4,5,15,26762711
Nashik,3823,2,1,22,25159455
Pune,1701,2,1,25,15698678
Pune,1792,3,4,12,17749904
Solapur,1537,1,2,6,8747929
Aurangabad,3698,1,2,10,23063394
Mumbai,3774,3,3,28,55363926
Solapur,2083,3,2,15,12287668
Solapur,2004,5,5,25,12084162
Kolhapur,823,4,5,26,5837351
Thane,1815,1,1,10,21742012
Thane,1755,4,5,22,22662907
Nashik,3325,4,4,14,22624706
Aurangabad,3018,4,4,20,19511222
Mumbai,3249,4,4,16,49205862
Nashik,627,2,3,21,4590228
Pune,1017,1,1,24,9378951
Aurangabad,1983,4,5,1,13773018
Nashik,3281,4,4,11,22594252
Mumbai,2850,2,3,11,42160684
Aurangabad,3160,3,2,30,19847479
Pune,3513,2,2,16,32615191
Mumbai,1572,3,4,14,24460096
Thane,3342,4,3,3,41231560
Mumbai,2351,2,3,14,34763327
Aurangabad,3235,3,4,2,21128481
Thane,1728,2,3,22,21230716
Nashik,3750,3,4,7,25283628
Nagpur,3744,2,1,25,22163909
Pune,1978,5,5,11,20263855
Nashik,3006,1,1,9,19762750
Solapur,2653,4,4,26,15617738
Mumbai,1013,3,4,2,16985816
Solapur,3285,5,5,4,19675166
Nashik,3644,2,2,16,23975052
Mumbai,2622,2,2,5,38754517
Aurangabad,3405,2,2,30,21335426
Thane,3964,1,1,6,46979752
Thane,1012,3,4,17,13300383
Nashik,2924,5,4,5,20726365
Aurangabad,3951,5,4,26,25409300
Mumbai,686,5,5,20,12910324
Kolhapur,3031,1,1,28,18189794
Thane,3129,3,3,7,38469432
Kolhapur,1718,4,3,22,10997451
Nashik,2300,4,4,14,16046966
Aurangabad,2984,2,2,27,18883079
Aurangabad,3507,3,3,4,22795032
Aurangabad,2609,5,4,10,17462315
Solapur,1001,3,3,7,6207635
Mumbai,707,3,3,27,11651735
Kolhapur,1516,2,2,29,9412354
Aurangabad,1277,2,2,16,8367220
Solapur,1763,4,3,2,10826247
Solapur,1486,2,3,11,8575410
Pune,1652,4,5,28,16688219
Solapur,1670,5,4,27,10141359
Kolhapur,1048,3,4,11,7184661
Aurangabad,685,4,3,18,5302928
Nagpur,1984,5,5,2,13156958
Solapur,3630,5,5,26,21338508
Mumbai,1027,1,1,11,15070878
Aurangabad,3592,2,1,19,22546776
Kolhapur,2548,1,1,1,15417086
Aurangabad,3793,4,5,14,24525362
Nashik,1843,5,5,5,13660521
Thane,2931,3,4,26,35727936
Solapur,3402,5,5,15,19901022
Aurangabad,1856,1,1,18,11498111
Pune,2944,4,4,30,28264118
Nagpur,3454,1,2,15,20297797
Kolhapur,1105,2,1,18,7078774
Mumbai,1281,1,1,10,18777861
Nashik,2191,2,2,16,14822090
Solapur,3974,1,2,4,22359789
Nagpur,2797,3,4,15,17270451
Kolhapur,1785,2,2,29,10997612
Aurangabad,2737,3,4,24,17829447
Thane,2998,4,3,30,36535847
Thane,2785,3,2,30,33440535
Thane,3387,2,3,22,40530278
Aurangabad,2465,3,4,29,16078984
Thane,1678,1,2,21,19960388
Kolhapur,2116,3,2,9,13225534
Thane,3425,1,1,29,39951432
Thane,3561,4,3,6,43924069
Thane,2802,3,2,3,34535192
Nagpur,1493,1,2,28,8839468
Nagpur,3113,2,1,3,18727238
Aurangabad,3438,4,3,21,22037472
Pune,2754,2,2,20,25670803
Solapur,3164,2,2,10,17898239
Pune,3648,1,2,18,33370549
Pune,1217,4,3,29,12104752
Kolhapur,3727,4,3,29,23275953
Thane,653,1,1,18,7900131
Mumbai,1872,3,3,20,28504445
Solapur,1049,5,5,8,7082313
Mumbai,1854,2,3,14,27950088
Thane,3443,2,1,23,40718843
Thane,2825,2,1,19,33754376
Kolhapur,3887,4,5,10,24331735
Kolhapur,3241,1,1,4,19698303
Aurangabad,1516,1,1,12,9446280
Solapur,3587,3,3,9,20701302
Pune,1571,3,4,7,15591670
Mumbai,2406,3,2,12,36259500
Thane,3327,1,2,29,38907584
Aurangabad,3017,2,1,30,18642503
Solapur,1127,4,5,19,7255312
Kolhapur,3375,5,5,24,21543114
Nagpur,3620,2,3,24,21685378
Mumbai,2652,4,5,22,40487279
Mumbai,2810,1,1,26,40182125
Nagpur,2845,5,4,5,18032778
Solapur,976,2,3,18,5899186
Mumbai,2590,4,3,14,39304176
Kolhapur,2371,5,4,17,15504399
Thane,3462,1,1,8,40720980
Nagpur,2868,1,1,13,16897932
Mumbai,2716,1,1,29,38699301
Pune,1675,4,3,24,16429502
Kolhapur,2033,4,4,27,13070656
Kolhapur,828,5,4,20,6175771
Mumbai,1231,5,5,16,20792066
Nagpur,3919,1,1,9,23162397
Kolhapur,2678,4,3,7,17155340
Aurangabad,1135,3,2,29,7677996
Mumbai,631,4,5,24,11339502
Nagpur,1344,1,1,19,7738503
Solapur,2948,1,1,23,16115142
Kolhapur,2297,2,3,6,14584775
Pune,1073,5,5,7,12250825
Aurangabad,2865,5,5,26,18951495
Nagpur,1736,2,3,16,10575490
Kolhapur,1730,3,2,17,11095003
Nashik,3064,4,5,15,21015580
Aurangabad,3135,4,5,10,20806191
Kolhapur,2172,2,2,12,13363365
Solapur,1487,2,2,27,8637399
Nashik,3800,4,3,17,25761361
Kolhapur,2782,5,4,12,17916087
Thane,1332,3,4,2,17636217
Aurangabad,878,5,5,26,6613517
Pune,1599,4,5,19,16368003
Pune,798,2,3,23,8050832
Nagpur,2463,2,2,9,14725089
Nagpur,1278,1,2,24,7608392
Nagpur,3349,5,5,6,21093599
Nagpur,2761,3,3,12,16979299
Aurangabad,1763,3,3,16,11716741
Solapur,903,4,4,29,5715822
Aurangabad,1781,4,3,18,11892186
Nashik,566,3,4,29,4500200
Kolhapur,1709,2,1,10,10554416
Kolhapur,2833,2,2,17,17493943
Aurangabad,1554,4,5,20,10923710
Solapur,2387,2,3,25,13534066
Nashik,1073,5,5,5,8733735
Pune,2646,1,1,30,24088937
Pune,3630,1,1,4,33569669
Nagpur,778,2,1,6,5075449
Solapur,2028,1,2,20,11481771
Solapur,3200,4,3,0,18864032
Kolhapur,548,1,2,23,3317683
